"appointmentid","patientid","doctorid","appointmentdate","appointmenttime"
1,1,1,"2023-05-10","10:00:00"
2,2,3,"2023-05-12","14:30:00"
3,3,2,"2023-05-15","09:15:00"
4,4,4,"2023-05-18","16:00:00"
5,5,5,"2023-05-20","11:45:00"
6,6,2,"2023-05-22","15:20:00"
7,7,3,"2023-05-24","10:30:00"
8,8,1,"2023-05-26","13:45:00"
9,9,4,"2023-05-29","16:30:00"
10,10,5,"2023-06-01","11:00:00"
