PatientID,FirstName,LastName,VisitCount
1,John,Doe,4
2,Jane,Doe,3
3,Bob,Smith,2
6,Amy,Chen,1
5,David,Lee,1
8,Emily,Davis,1
7,Mark,Garcia,1
9,Michael,Wilson,1
4,Sara,Johnson,1
11,Alex,Johnson,0
15,James,Taylor,0
10,Jessica,Kim,0
12,Olivia,Anderson,0
14,Sophia,Martinez,0
13,William,Brown,0
